{
  "embedding_dim": 128,
  "metric": "cosine",
  "templates": {
    "YouTube": {
      "embedding": [
        0.028773795813322067,
        -0.04020633175969124,
        -0.023193560540676117,
        0.031398266553878784,
        0.006327012553811073,
        -0.11810491979122162,
        0.10111363977193832,
        0.043141063302755356,
        0.029311101883649826,
        -0.026851853355765343,
        0.0029900451190769672,
        -0.005390126723796129,
        -0.01233587134629488,
        -0.08722969144582748,
        0.08845481276512146,
        -0.004983695223927498,
        -0.040849074721336365,
        -0.07956059277057648,
        -0.09737411886453629,
        0.0555359423160553,
        0.16312426328659058,
        0.15969300270080566,
        0.05801819637417793,
        -0.06280558556318283,
        0.002318344311788678,
        0.1054680272936821,
        0.07154306769371033,
        -0.029865149408578873,
        0.010593310929834843,
        -0.08131813257932663,
        0.02696760930120945,
        -0.07304154336452484,
        -0.08384540677070618,
        -0.15405121445655823,
        0.07792701572179794,
        -0.07185979187488556,
        -0.021528521552681923,
        -0.041986122727394104,
        0.14978544414043427,
        -0.07122364640235901,
        -0.0702117383480072,
        0.023020129650831223,
        -0.0048826271668076515,
        -0.22781947255134583,
        -0.008031305857002735,
        -0.007829301059246063,
        0.09544174373149872,
        0.18469923734664917,
        -0.11791976541280746,
        0.05689258128404617,
        0.07134915143251419,
        0.15158666670322418,
        0.05452751740813255,
        -0.09208471328020096,
        0.10029997676610947,
        -0.12249398231506348,
        0.02873840183019638,
        -0.07990957796573639,
        0.04602330923080444,
        0.05565589666366577,
        0.18606853485107422,
        0.019981350749731064,
        0.04550376534461975,
        0.04586269333958626,
        0.0017103637801483274,
        -0.024228181689977646,
        -0.005273753311485052,
        -0.11399337649345398,
        -0.15773731470108032,
        0.10336346924304962,
        0.08977039158344269,
        -0.061447784304618835,
        -0.015523201785981655,
        -0.005933393724262714,
        -0.1346101015806198,
        -0.08199537545442581,
        -0.006199636962264776,
        0.003995634615421295,
        0.044490888714790344,
        -0.09159296751022339,
        0.04806206747889519,
        0.10250045359134674,
        -0.011081557720899582,
        -0.0034579106140881777,
        0.06419139355421066,
        -0.07110070437192917,
        0.15116605162620544,
        -0.04523709788918495,
        -0.027755049988627434,
        0.04760361462831497,
        0.1731126755475998,
        -0.11340148746967316,
        0.026589738205075264,
        -0.011331561952829361,
        -0.14759670197963715,
        -0.1399938464164734,
        -0.11741314083337784,
        -0.07327506691217422,
        -0.1034466028213501,
        -0.08887892961502075,
        0.009596940129995346,
        0.018672196194529533,
        0.0019539499189704657,
        0.16783428192138672,
        0.043385084718465805,
        -0.049342092126607895,
        0.20947140455245972,
        0.06171616539359093,
        0.043298039585351944,
        0.03579075634479523,
        0.016908084973692894,
        0.10729078203439713,
        -0.024148976430296898,
        -0.05946323648095131,
        0.04633170738816261,
        0.08348758518695831,
        0.19199028611183167,
        0.020490365102887154,
        -0.16320198774337769,
        -0.05489306524395943,
        0.10149133205413818,
        -0.11780674755573273,
        0.19622841477394104,
        0.07839526236057281,
        0.060166146606206894,
        0.08782283216714859,
        -0.04428764805197716,
        -0.09860550612211227
      ],
      "num_samples": 6,
      "source_images": [
        "demo_assets_test4\\images\\YouTube\\youtube_00.png",
        "demo_assets_test4\\images\\YouTube\\youtube_01.png",
        "demo_assets_test4\\images\\YouTube\\youtube_02.png",
        "demo_assets_test4\\images\\YouTube\\youtube_03.png",
        "demo_assets_test4\\images\\YouTube\\youtube_04.png",
        "demo_assets_test4\\images\\YouTube\\youtube_05.png"
      ]
    },