{
  "embedding_dim": 128,
  "metric": "cosine",
  "templates": {
    "YouTube": {
      "embedding": [
        -0.043057069182395935,
        -0.13358867168426514,
        -0.04236859083175659,
        -0.05115051940083504,
        0.003094480838626623,
        0.07195554673671722,
        0.01943470910191536,
        0.04092269763350487,
        0.10064127296209335,
        0.1799924373626709,
        -0.020176008343696594,
        -0.02107054926455021,
        0.05578985810279846,
        0.01715623028576374,
        -0.053967513144016266,
        0.06773195415735245,
        0.00938202440738678,
        -0.13613678514957428,
        -0.11391166597604752,
        -0.0024052055086940527,
        -0.04814090207219124,
        0.10716411471366882,
        0.017626693472266197,
        0.08554020524024963,
        0.010732658207416534,
        -0.06312163174152374,
        0.09946384280920029,
        0.09855781495571136,
        -0.06648240983486176,
        -0.023605136200785637,
        -0.1668855994939804,
        -0.03178023919463158,
        -0.09220971167087555,
        0.03546742722392082,
        -3.3410942705813795e-05,
        -0.024418719112873077,
        0.03316798061132431,
        -0.18044060468673706,
        0.03537391126155853,
        0.1940605342388153,
        -0.02481519989669323,
        0.004899755120277405,
        0.09777345508337021,
        -0.05202493444085121,
        0.11718155443668365,
        -0.061513736844062805,
        -0.12446644902229309,
        0.15609219670295715,
        -0.08667732775211334,
        -0.05900869518518448,
        -0.006566926371306181,
        -0.028432970866560936,
        -0.07450741529464722,
        -0.03849448263645172,
        0.13311493396759033,
        -0.00907639879733324,
        0.07364407926797867,
        0.1584458202123642,
        0.0664496198296547,
        0.0892302542924881,
        0.054383087903261185,
        -0.1338062584400177,
        0.029756126925349236,
        -0.021754838526248932,
        0.00973428227007389,
        -0.06384516507387161,
        0.05799296870827675,
        0.026424437761306763,
        -0.1576848328113556,
        -0.09503819793462753,
        -0.10214695334434509,
        0.05914824828505516,
        0.13021697103977203,
        -0.0532367117702961,
        0.05187107250094414,
        -0.15573394298553467,
        -0.043190810829401016,
        0.001033481676131487,
        0.17338654398918152,
        0.06570515036582947,
        0.06048571690917015,
        0.002889565657824278,
        0.11370010673999786,
        0.0075416238978505135,
        0.0813116654753685,
        0.124149851500988,
        -0.05896729230880737,
        0.1326134204864502,
        0.0022763130255043507,
        -0.026982352137565613,
        0.04244309663772583,
        -0.16084396839141846,
        -0.08929276466369629,
        -0.10839055478572845,
        -0.13328434526920319,
        -0.06558416038751602,
        -0.02287803404033184,
        0.15961480140686035,
        0.004624989349395037,
        0.03397178649902344,
        -0.1667390912771225,
        -0.13992471992969513,
        0.05866639316082001,
        -0.14014925062656403,
        0.06619749963283539,
        0.07402807474136353,
        0.07016941905021667,
        0.07097866386175156,
        0.016486462205648422,
        0.01587982103228569,
        0.0838494524359703,
        0.06593232601881027,
        0.07148278504610062,
        0.10832208395004272,
        -0.10170774906873703,
        0.039315253496170044,
        0.24960319697856903,
        -0.09521984308958054,
        0.015979601070284843,
        0.03501995652914047,
        0.05853978171944618,
        0.04145493358373642,
        0.12225871533155441,
        -0.010547980666160583,
        -0.09275307506322861,
        -0.05260787904262543,
        0.0793677344918251,
        -0.10477019101381302
      ],
      "num_samples": 6,
      "source_images": [
        "demo_assets\\images\\YouTube\\youtube_00.png",
        "demo_assets\\images\\YouTube\\youtube_01.png",
        "demo_assets\\images\\YouTube\\youtube_02.png",
        "demo_assets\\images\\YouTube\\youtube_03.png",
        "demo_assets\\images\\YouTube\\youtube_04.png",
        "demo_assets\\images\\YouTube\\youtube_05.png"
      ]
    },