{
  "embedding_dim": 128,
  "metric": "cosine",
  "templates": {
    "YouTube": {
      "embedding": [
        -0.11783672869205475,
        0.10071366280317307,
        -0.09652959555387497,
        -0.17552214860916138,
        -0.061489202082157135,
        -0.020085252821445465,
        0.08154904842376709,
        -0.009445954114198685,
        0.00970612745732069,
        -0.002814126666635275,
        -0.1658647060394287,
        -0.07892262190580368,
        -0.20826725661754608,
        0.17470212280750275,
        0.005492371506989002,
        0.0536799319088459,
        0.107209213078022,
        0.1381654441356659,
        0.03236839175224304,
        0.14074362814426422,
        0.014818081632256508,
        0.0037451970856636763,
        0.052098359912633896,
        0.042472779750823975,
        0.03569638729095459,
        0.010195689275860786,
        -0.0893256738781929,
        -0.10409825295209885,
        0.030994994565844536,
        -0.024039076641201973,
        -0.001277010072953999,
        -0.1197475716471672,
        0.017389746382832527,
        0.04307345300912857,
        0.11325494199991226,
        -0.0607592798769474,
        -0.13472574949264526,
        -0.0738992691040039,
        0.035718031227588654,
        -0.03828699141740799,
        -0.05975193902850151,
        -0.031083526089787483,
        -0.17285114526748657,
        -0.015383084304630756,
        0.04011356085538864,
        0.07544079422950745,
        0.018546635285019875,
        -0.027058908715844154,
        0.034869786351919174,
        -0.09334525465965271,
        -0.07189474254846573,
        -0.02441324107348919,
        -0.06328971683979034,
        -0.0590607151389122,
        -0.057709190994501114,
        -0.09072735905647278,
        0.13268382847309113,
        -0.13405078649520874,
        0.02677202597260475,
        0.08193202316761017,
        0.009425504133105278,
        -0.09669028222560883,
        -0.009813100099563599,
        -0.033352240920066833,
        0.14781346917152405,
        0.1700282096862793,
        -0.11937714368104935,
        0.0338064506649971,
        0.0901794284582138,
        0.08064616471529007,
        -0.06283348798751831,
        -0.00011016958887921646,
        0.13557220995426178,
        0.18420425057411194,
        -0.12432365119457245,
        -0.06387993693351746,
        -0.03408948332071304,
        -0.0042513152584433556,
        0.07023999094963074,
        -0.1713624894618988,
        -0.15458649396896362,
        0.1861191987991333,
        -0.0614478774368763,
        -0.02460242621600628,
        0.08865175396203995,
        -0.06610758602619171,
        0.03779947757720947,
        0.049461353570222855,
        -0.12762434780597687,
        -0.07572192698717117,
        0.06949716061353683,
        -0.0435425229370594,
        0.004414832219481468,
        -0.07456661015748978,
        0.08430168777704239,
        0.0887487605214119,
        0.0729290246963501,
        -0.08801672607660294,
        0.05895300954580307,
        0.017694082111120224,
        -0.062069591134786606,
        -0.07883468270301819,
        0.0801764577627182,
        -0.004594392143189907,
        0.12315799295902252,
        0.10968901216983795,
        -0.10383577644824982,
        -0.11341230571269989,
        0.039347294718027115,
        0.03567389026284218,
        0.005663338117301464,
        -0.023043068125844002,
        0.111332967877388,
        -0.058203767985105515,
        0.026572754606604576,
        -0.06022113189101219,
        0.11642016470432281,
        0.10603608191013336,
        -0.0022410477977246046,
        -0.013225928880274296,
        -0.0723848044872284,
        0.11680136620998383,
        0.024515504017472267,
        -0.12045971304178238,
        -0.1659832000732422,
        0.1161269024014473,
        0.10184931010007858,
        -0.0840132087469101
      ],
      "num_samples": 6,
      "source_images": [
        "demo_assets_test3\\images\\YouTube\\youtube_00.png",
        "demo_assets_test3\\images\\YouTube\\youtube_01.png",
        "demo_assets_test3\\images\\YouTube\\youtube_02.png",
        "demo_assets_test3\\images\\YouTube\\youtube_03.png",
        "demo_assets_test3\\images\\YouTube\\youtube_04.png",
        "demo_assets_test3\\images\\YouTube\\youtube_05.png"
      ]
    },