{
  "embedding_dim": 128,
  "metric": "cosine",
  "templates": {
    "Youtube": {
      "embedding": [
        -0.18238548934459686,
        0.1950136423110962,
        0.03105248138308525,
        0.027181476354599,
        0.03348759189248085,
        -0.005866022314876318,
        -0.03887113183736801,
        -0.12109758704900742,
        -0.03008333034813404,
        0.028652101755142212,
        0.009419070556759834,
        0.008930818177759647,
        0.2550657093524933,
        0.08101671189069748,
        0.030021417886018753,
        -0.10126545280218124,
        0.04376192390918732,
        -0.01742609031498432,
        0.02254392020404339,
        0.07918677479028702,
        0.1644257754087448,
        0.09673209488391876,
        -0.11336576193571091,
        -0.07761703431606293,
        -0.07158996909856796,
        -0.06132471188902855,
        -0.10883732885122299,
        -0.06992926448583603,
        -0.05083109810948372,
        0.005290437955409288,
        -0.06177312508225441,
        -0.09591228514909744,
        -0.08660100400447845,
        -0.05548443645238876,
        0.017480121925473213,
        0.021112462505698204,
        0.050892870873212814,
        -0.09059419482946396,
        -0.09594085067510605,
        -0.004336928483098745,
        -0.052849240601062775,
        0.03603174909949303,
        -0.016342928633093834,
        0.05743083730340004,
        -0.08215593546628952,
        0.09695114940404892,
        -0.12569446861743927,
        -0.07563857734203339,
        -0.028200211003422737,
        0.15046492218971252,
        -0.09718445688486099,
        -0.05565578490495682,
        0.12439945340156555,
        -0.024151911959052086,
        -0.03462537005543709,
        -0.001737585524097085,
        -0.03462504968047142,
        0.005175565369427204,
        0.03720306232571602,
        -0.09751944988965988,
        0.05889405682682991,
        -0.049959052354097366,
        0.06427917629480362,
        0.1421368271112442,
        -0.03797069936990738,
        -0.021972594782710075,
        0.05046885088086128,
        -0.1037072017788887,
        0.08930905163288116,
        0.11941267549991608,
        0.08822751045227051,
        0.00012098474689992145,
        0.042191121727228165,
        -0.1175079196691513,
        -0.08052075654268265,
        0.09590768069028854,
        0.0030625162180513144,
        -0.04396706819534302,
        0.072799913585186,
        -0.003850363427773118,
        0.04254242032766342,
        0.10443349927663803,
        0.09162808209657669,
        0.09240444749593735,
        -0.012977483682334423,
        0.06739085912704468,
        -0.11961056292057037,
        -0.07499255239963531,
        0.15972134470939636,
        -0.08363249152898788,
        -0.020420663058757782,
        0.07800152152776718,
        0.08061003684997559,
        0.24057923257350922,
        0.10369006544351578,
        0.043292608112096786,
        0.02824314497411251,
        0.04543742910027504,
        0.031752169132232666,
        -0.05252246558666229,
        -0.03432004898786545,
        0.07119742035865784,
        0.17573902010917664,
        -0.10553016513586044,
        0.015237017534673214,
        0.08405106514692307,
        -0.11528201401233673,
        0.09279164671897888,
        0.08617899566888809,
        0.030750088393688202,
        -0.08024711161851883,
        0.008167097344994545,
        -0.11205097287893295,
        -0.0053418464958667755,
        0.039023008197546005,
        -0.03784376010298729,
        -0.016280820593237877,
        0.1705731302499771,
        -0.13983513414859772,
        -0.14652343094348907,
        0.00884320680052042,
        0.035753283649683,
        0.1171334907412529,
        -0.03704516962170601,
        -0.16704793274402618,
        -0.11281217634677887,
        -0.07832668721675873,
        0.21205167472362518
      ],
      "num_samples": 46,
      "source_images": [
        "data\\processed\\Youtube\\capture1_w0000.png",
        "data\\processed\\Youtube\\capture1_w0001.png",
        "data\\processed\\Youtube\\capture1_w0002.png",
        "data\\processed\\Youtube\\capture1_w0003.png",
        "data\\processed\\Youtube\\capture1_w0004.png",
        "data\\processed\\Youtube\\capture1_w0005.png",
        "data\\processed\\Youtube\\capture1_w0006.png",
        "data\\processed\\Youtube\\capture1_w0007.png",
        "data\\processed\\Youtube\\capture1_w0008.png",
        "data\\processed\\Youtube\\capture1_w0009.png",
        "data\\processed\\Youtube\\capture1_w0010.png",
        "data\\processed\\Youtube\\capture1_w0011.png",
        "data\\processed\\Youtube\\capture1_w0012.png",
        "data\\processed\\Youtube\\capture1_w0013.png",
        "data\\processed\\Youtube\\capture1_w0014.png",
        "data\\processed\\Youtube\\capture1_w0015.png",
        "data\\processed\\Youtube\\capture1_w0016.png",
        "data\\processed\\Youtube\\capture1_w0017.png",
        "data\\processed\\Youtube\\capture1_w0018.png",
        "data\\processed\\Youtube\\capture1_w0019.png",
        "data\\processed\\Youtube\\capture1_w0020.png",
        "data\\processed\\Youtube\\capture1_w0021.png",
        "data\\processed\\Youtube\\capture1_w0022.png",
        "data\\processed\\Youtube\\capture2_w0000.png",
        "data\\processed\\Youtube\\capture2_w0001.png",
        "data\\processed\\Youtube\\capture2_w0002.png",
        "data\\processed\\Youtube\\capture2_w0003.png",
        "data\\processed\\Youtube\\capture2_w0004.png",
        "data\\processed\\Youtube\\capture2_w0005.png",
        "data\\processed\\Youtube\\capture2_w0006.png",
        "data\\processed\\Youtube\\capture2_w0007.png",
        "data\\processed\\Youtube\\capture2_w0008.png",
        "data\\processed\\Youtube\\capture2_w0009.png",
        "data\\processed\\Youtube\\capture2_w0010.png",
        "data\\processed\\Youtube\\capture2_w0011.png",
        "data\\processed\\Youtube\\capture2_w0012.png",
        "data\\processed\\Youtube\\capture2_w0013.png",
        "data\\processed\\Youtube\\capture2_w0014.png",
        "data\\processed\\Youtube\\capture2_w0015.png",
        "data\\processed\\Youtube\\capture2_w0016.png",
        "data\\processed\\Youtube\\capture2_w0017.png",
        "data\\processed\\Youtube\\capture2_w0018.png",
        "data\\processed\\Youtube\\capture2_w0019.png",
        "data\\processed\\Youtube\\capture2_w0020.png",
        "data\\processed\\Youtube\\capture2_w0021.png",
        "data\\processed\\Youtube\\capture2_w0022.png"
      ]
    },