{
  "embedding_dim": 128,
  "metric": "cosine",
  "templates": {
    "YouTube": {
      "embedding": [
        -0.031108433380723,
        0.05134814977645874,
        0.010050398297607899,
        -0.07175430655479431,
        0.06672070175409317,
        -0.04961623251438141,
        -0.009037978015840054,
        0.019877778366208076,
        0.07263109087944031,
        -0.052737388759851456,
        0.06076355278491974,
        0.014763460494577885,
        -0.03369076922535896,
        -0.07446128875017166,
        0.05028504505753517,
        0.012258704751729965,
        -0.04735128581523895,
        -0.06706613302230835,
        -0.02397031895816326,
        -0.02768850326538086,
        -0.02548634074628353,
        -0.13117317855358124,
        -0.06410966068506241,
        -0.1552080661058426,
        0.06344357877969742,
        -0.11605856567621231,
        0.034675177186727524,
        0.061885666102170944,
        0.006466228514909744,
        -0.09133028239011765,
        0.1686127781867981,
        0.16170835494995117,
        0.010199026204645634,
        -0.05618051812052727,
        0.09363018721342087,
        0.12538646161556244,
        0.15690244734287262,
        -0.1411406248807907,
        -0.1228041872382164,
        -0.016188694164156914,
        0.0969710722565651,
        0.1534763127565384,
        0.011508126743137836,
        -0.05281984433531761,
        0.11721890419721603,
        -0.11896652728319168,
        0.016298312693834305,
        0.10329658538103104,
        0.08805736154317856,
        -0.04944273829460144,
        0.002527963137254119,
        0.14018380641937256,
        -0.10825852304697037,
        0.003688103286549449,
        -0.03870518133044243,
        0.09798804670572281,
        0.11718710511922836,
        -0.049402255564928055,
        0.07375621050596237,
        0.01718865893781185,
        -0.16428543627262115,
        -0.0901246890425682,
        -0.0008934287470765412,
        0.05336935445666313,
        -0.11442428827285767,
        -0.20195959508419037,
        -0.04311062768101692,
        0.03990960493683815,
        0.056608665734529495,
        -0.05482707545161247,
        -0.017288146540522575,
        0.01598096825182438,
        -0.12383472919464111,
        0.09442844241857529,
        -0.08870717138051987,
        -0.0008073308854363859,
        0.08028460294008255,
        -0.008650151081383228,
        0.11676546186208725,
        -0.02327943593263626,
        -0.011422744952142239,
        -0.015761641785502434,
        0.011232609860599041,
        0.1098061129450798,
        -0.047897715121507645,
        -0.018273526802659035,
        -0.006842635106295347,
        0.041746076196432114,
        0.09528660774230957,
        -0.03726482018828392,
        -0.07054969668388367,
        0.0685538575053215,
        -0.00794671569019556,
        0.03628066927194595,
        0.056329939514398575,
        0.06078417971730232,
        0.15038421750068665,
        0.12233462184667587,
        -0.039147455245256424,
        0.0493205189704895,
        0.08503689616918564,
        0.029300078749656677,
        0.0033213181886821985,
        0.10236718505620956,
        0.08401313424110413,
        -0.015646932646632195,
        -0.0956662967801094,
        -0.03454895690083504,
        -0.030037976801395416,
        0.07195772975683212,
        0.17516356706619263,
        -0.0704277828335762,
        0.08601366728544235,
        -0.2281058430671692,
        -0.09560930728912354,
        -0.049472153186798096,
        -0.029671823605895042,
        0.06159418821334839,
        0.14724093675613403,
        0.07875459641218185,
        0.12207110971212387,
        0.3149542808532715,
        0.004519341979175806,
        -0.06936177611351013,
        -0.02914806641638279,
        -0.04755077138543129,
        0.0809575542807579,
        -0.18425436317920685
      ],
      "num_samples": 6,
      "source_images": [
        "demo_assets_test\\images\\YouTube\\youtube_00.png",
        "demo_assets_test\\images\\YouTube\\youtube_01.png",
        "demo_assets_test\\images\\YouTube\\youtube_02.png",
        "demo_assets_test\\images\\YouTube\\youtube_03.png",
        "demo_assets_test\\images\\YouTube\\youtube_04.png",
        "demo_assets_test\\images\\YouTube\\youtube_05.png"
      ]
    },