{
  "embedding_dim": 128,
  "metric": "cosine",
  "templates": {
    "YouTube": {
      "embedding": [
        -0.08801333606243134,
        -0.14183272421360016,
        0.05238259211182594,
        0.01821834407746792,
        0.0676414892077446,
        -0.11972308903932571,
        0.04071832448244095,
        -0.03613962233066559,
        -0.12746597826480865,
        0.018102604895830154,
        -0.007205996662378311,
        0.10472337901592255,
        0.17310576140880585,
        -0.03738562762737274,
        -0.038962069898843765,
        0.06851949542760849,
        0.10916700959205627,
        -0.11205931752920151,
        0.048817411065101624,
        -0.09729336947202682,
        0.015484538860619068,
        -0.03373093903064728,
        -0.02468719519674778,
        0.08701903373003006,
        -0.10275469720363617,
        -0.03733264282345772,
        -0.022061031311750412,
        -0.004637017846107483,
        0.2149806171655655,
        -0.04290362447500229,
        -0.09059761464595795,
        0.0786052942276001,
        -0.03651760146021843,
        -0.044106002897024155,
        0.12995953857898712,
        -0.028030572459101677,
        0.016731800511479378,
        -0.0743798017501831,
        0.05833231285214424,
        -0.08972194045782089,
        -0.17579618096351624,
        0.09347592294216156,
        -0.027525238692760468,
        -0.09146885573863983,
        -0.0637725368142128,
        -0.16546568274497986,
        -0.00023251977108884603,
        -0.018428586423397064,
        0.06636718660593033,
        0.07743760943412781,
        -0.14234618842601776,
        -0.06510975956916809,
        0.00901084952056408,
        0.053255174309015274,
        0.12523680925369263,
        -0.13638345897197723,
        -0.19436372816562653,
        -0.0673506036400795,
        -0.113492451608181,
        -0.10300785303115845,
        -0.09275078773498535,
        0.03410876542329788,
        -0.07500932365655899,
        0.13586388528347015,
        0.18175387382507324,
        -0.11666692048311234,
        0.05893228203058243,
        0.03916521742939949,
        -0.030299842357635498,
        0.056876376271247864,
        0.0784698948264122,
        -0.06011902540922165,
        -0.14634063839912415,
        0.08863446861505508,
        -0.03927858546376228,
        0.04072567820549011,
        0.021934712305665016,
        0.07300269603729248,
        -0.09534644335508347,
        0.0505528450012207,
        -0.17947636544704437,
        0.07031861692667007,
        -0.024262653663754463,
        -0.0037549000699073076,
        -0.09723466634750366,
        0.0362325981259346,
        0.03548809140920639,
        0.09453541785478592,
        0.08078821748495102,
        0.04732342064380646,
        0.014110753312706947,
        -0.006273689679801464,
        -0.01752040907740593,
        0.108754962682724,
        0.047303229570388794,
        -0.14378798007965088,
        -0.15534400939941406,
        -0.035015299916267395,
        0.06187793239951134,
        0.1704372614622116,
        0.0393487773835659,
        -0.0853404775261879,
        0.009499913081526756,
        0.0755901038646698,
        -0.017400773242115974,
        -0.013106199912726879,
        -0.13685792684555054,
        -0.09675531834363937,
        0.20895244181156158,
        -0.013860763981938362,
        -0.040677256882190704,
        -0.042724449187517166,
        0.19372977316379547,
        0.002104498678818345,
        0.11479032784700394,
        -0.05072947219014168,
        0.11763039976358414,
        -0.002231295220553875,
        -0.001607086742296815,
        -0.05670009180903435,
        0.1304386556148529,
        0.06413473188877106,
        -0.0720716118812561,
        -0.05002738535404205,
        0.0322098582983017,
        -0.024433404207229614,
        0.005325990729033947,
        0.05303605645895004
      ],
      "num_samples": 6,
      "source_images": [
        "demo_assets_final\\images\\YouTube\\youtube_00.png",
        "demo_assets_final\\images\\YouTube\\youtube_01.png",
        "demo_assets_final\\images\\YouTube\\youtube_02.png",
        "demo_assets_final\\images\\YouTube\\youtube_03.png",
        "demo_assets_final\\images\\YouTube\\youtube_04.png",
        "demo_assets_final\\images\\YouTube\\youtube_05.png"
      ]
    },