{
  "embedding_dim": 128,
  "metric": "cosine",
  "templates": {
    "YouTube": {
      "embedding": [
        0.030741050839424133,
        0.040125828236341476,
        -0.040764570236206055,
        0.04871148243546486,
        -0.009175761602818966,
        -0.048641402274370193,
        0.1185031533241272,
        -0.0504913292825222,
        0.06413999199867249,
        0.13292329013347626,
        -0.09126230329275131,
        0.03477216884493828,
        -0.015408753417432308,
        -0.009633966721594334,
        0.1841307282447815,
        0.04589289054274559,
        -0.031821396201848984,
        0.02269207499921322,
        -0.11931215971708298,
        0.10233601182699203,
        0.045713696628808975,
        0.0037523170467466116,
        0.16545867919921875,
        0.010732491500675678,
        -0.08008741587400436,
        0.10264816880226135,
        0.058347005397081375,
        0.07801993936300278,
        -0.07472383975982666,
        -0.15216602385044098,
        0.07945496588945389,
        -0.01633896492421627,
        0.017007196322083473,
        -0.016904160380363464,
        -0.10964599996805191,
        0.10594040155410767,
        0.13785198330879211,
        -0.12008034437894821,
        -0.04730130732059479,
        -0.11009714752435684,
        -0.005997318308800459,
        -0.0788298025727272,
        -0.07659891992807388,
        -0.004872239660471678,
        -0.04177979752421379,
        0.16455300152301788,
        0.1115831732749939,
        0.012874835170805454,
        -0.09917784482240677,
        0.16781149804592133,
        -0.2011679857969284,
        -0.09942266345024109,
        0.05838261917233467,
        0.03329820930957794,
        -0.12685133516788483,
        -0.07451077550649643,
        -0.09510856866836548,
        0.012700709514319897,
        -0.03219156339764595,
        0.06149140000343323,
        -0.07240445166826248,
        -0.06222386285662651,
        -0.08954746276140213,
        0.0040943920612335205,
        -0.15530173480510712,
        -0.0675172209739685,
        -0.05587209761142731,
        -0.14130432903766632,
        0.03367399051785469,
        -0.13185887038707733,
        0.0209300946444273,
        0.08919620513916016,
        0.1111341118812561,
        0.007350702304393053,
        -0.1326257437467575,
        -0.1713208556175232,
        0.00883637648075819,
        0.061288848519325256,
        -0.07244344800710678,
        -0.08491641283035278,
        0.053008805960416794,
        0.14619703590869904,
        0.13442300260066986,
        -0.05711423233151436,
        0.031082265079021454,
        0.01984485052525997,
        -0.003562789410352707,
        -0.06227170303463936,
        -0.05127835273742676,
        0.16713888943195343,
        0.09993714839220047,
        0.07487397640943527,
        0.07084906846284866,
        -0.06842077523469925,
        -0.02727600745856762,
        0.1188303530216217,
        0.17172755300998688,
        -0.058119360357522964,
        0.11146983504295349,
        -0.03843264654278755,
        0.01608475297689438,
        0.028285427019000053,
        -0.1397874504327774,
        0.06342119723558426,
        0.05100928246974945,
        -0.0622439980506897,
        0.02980111725628376,
        0.06206567957997322,
        0.15025809407234192,
        0.10382530838251114,
        0.04546288773417473,
        -0.0681021437048912,
        0.05146198347210884,
        0.12185821682214737,
        -0.03277954086661339,
        -0.00011817043559858575,
        -0.07569769769906998,
        0.063475102186203,
        -0.11842415481805801,
        0.07813151925802231,
        0.11710045486688614,
        -0.06935923546552658,
        0.017189588397741318,
        0.138766810297966,
        0.14150793850421906,
        0.10317709296941757,
        -0.04234648123383522,
        -0.027742139995098114
      ],
      "num_samples": 6,
      "source_images": [
        "demo_assets_test2\\images\\YouTube\\youtube_00.png",
        "demo_assets_test2\\images\\YouTube\\youtube_01.png",
        "demo_assets_test2\\images\\YouTube\\youtube_02.png",
        "demo_assets_test2\\images\\YouTube\\youtube_03.png",
        "demo_assets_test2\\images\\YouTube\\youtube_04.png",
        "demo_assets_test2\\images\\YouTube\\youtube_05.png"
      ]
    },